{
  "average": [
    0.36341251026935795,
    0.5269562339401406
  ],
  "e29b660b-51f1-3898-9d62-12fb1f258178.pdf.tsv": [
    0.40476190476190477,
    0.4722222222222222
  ],
  "b477c17a-53b4-307f-8c8e-b91a97a52a51.pdf.tsv": [
    0.48148148148148145,
    0.48148148148148145
  ],
  "6fb0eb2d-6907-31a0-9fdf-b276565c83c4.pdf.tsv": [
    0.35714285714285715,
    0.4838709677419355
  ],
  "dc19bcce-5ecf-3c40-9079-1a0ecfc4a38f.pdf.tsv": [
    0.42105263157894735,
    0.3076923076923077
  ],
  "fbd7fd4e-e24c-33e6-b39a-95bfa2e55749.pdf.tsv": [
    0.625,
    0.625
  ],
  "9f158e12-b215-3a33-b799-b4ca9640238b.pdf.tsv": [
    0.38,
    0.5277777777777778
  ],
  "e32d74a8-66fb-3fb7-b31a-f5f761360ec3.pdf.tsv": [
    0.37735849056603776,
    0.5882352941176471
  ],
  "e812ee6d-df47-3c4c-acf7-c3ec485c6ca0.pdf.tsv": [
    0.29896907216494845,
    0.5918367346938775
  ],
  "610d2ba5-5cb0-3599-9195-b1bddcd55821.pdf.tsv": [
    0.2,
    0.38461538461538464
  ],
  "87a66126-f44b-34ec-8e21-21658988c0b2.pdf.tsv": [
    0.12903225806451613,
    0.36363636363636365
  ],
  "23b6e2e2-db03-35a2-af18-1ae0383da797.pdf.tsv": [
    0.46875,
    0.7142857142857143
  ],
  "5a1a3e54-da94-376f-9402-5db6aa03c16f.pdf.tsv": [
    0.16326530612244897,
    0.5714285714285714
  ],
  "04a5d98f-4fde-3e34-815c-ba5cfec70a73.pdf.tsv": [
    0.5510204081632653,
    0.5510204081632653
  ],
  "8a19f4ad-125e-3f78-9a53-8b49f2110ae8.pdf.tsv": [
    0.5714285714285714,
    0.6
  ],
  "03ebd8bb-5a91-317c-bcd5-7ff9ccdda08a.pdf.tsv": [
    0.5526315789473685,
    0.7777777777777778
  ],
  "aa696690-11b0-3eba-834b-dd6549212dbe.pdf.tsv": [
    0.40476190476190477,
    0.2537313432835821
  ],
  "b7da83e4-eedf-3aeb-8b24-ab6d0ba2e771.pdf.tsv": [
    0.6046511627906976,
    0.6341463414634146
  ],
  "7f66b7ce-2b48-3a43-8156-b832cc18c5dd.pdf.tsv": [
    0.3793103448275862,
    0.55
  ],
  "cc8706ea-b062-30ca-8430-ed4a0706846b.pdf.tsv": [
    0.3076923076923077,
    0.25
  ],
  "2df20068-2137-397a-a00f-55dd229818e9.pdf.tsv": [
    0.2222222222222222,
    0.4117647058823529
  ],
  "851c7285-d00b-3ca4-b298-0dab8e812012.pdf.tsv": [
    0.11764705882352941,
    0.18181818181818182
  ],
  "65a9963d-d496-323f-a818-f3d784614ae5.pdf.tsv": [
    0.325,
    0.6666666666666666
  ],
  "a4854989-afb8-30cb-bb1d-fdd04c150458.pdf.tsv": [
    0.5384615384615384,
    0.3333333333333333
  ],
  "ea32dea8-7d05-354e-be4c-f4847087e8c7.pdf.tsv": [
    0.3333333333333333,
    0.7777777777777778
  ],
  "1efdb36b-4c66-37ef-9745-d9bd1ba4bfb8.pdf.tsv": [
    0.3230769230769231,
    0.6363636363636364
  ],
  "e8405b0d-7694-384c-b84f-c6566cc4fa26.pdf.tsv": [
    0.20833333333333334,
    0.5555555555555556
  ],
  "23e550a9-6fc2-3aff-9510-0be42ff98e90.pdf.tsv": [
    0.16666666666666666,
    0.5217391304347826
  ],
  "3dd28ab1-f7ee-348d-b622-1129bcac4342.pdf.tsv": [
    0.3,
    0.6818181818181818
  ],
  "470dfb43-b101-36c8-a5e9-b9c3f66921a0.pdf.tsv": [
    0.11864406779661017,
    0.6363636363636364
  ],
  "a727693e-34d1-36e1-a9fb-0c2d3453794d.pdf.tsv": [
    0.52,
    0.65
  ],
  "e6bd7492-8135-321f-b4a7-11203b2b272a.pdf.tsv": [
    0.40476190476190477,
    0.7391304347826086
  ],
  "555d0a45-7ffa-315f-a2ff-ebf4c5774cb6.pdf.tsv": [
    0.5952380952380952,
    0.6756756756756757
  ],
  "957d2241-22cb-333b-b53d-d4729e44a8f3.pdf.tsv": [
    0.30357142857142855,
    0.4473684210526316
  ],
  "001bd556-cc53-3005-930d-3de41a7929be.pdf.tsv": [
    0.48214285714285715,
    0.7941176470588235
  ],
  "c4cc87b3-b890-3256-9ecc-d10c76bacadb.pdf.tsv": [
    0.36363636363636365,
    0.42105263157894735
  ],
  "067d112a-14ad-30b8-95f2-eeac04c33ada.pdf.tsv": [
    0.24390243902439024,
    0.43478260869565216
  ],
  "aa3c124b-821f-3c40-a121-7eba7473f73f.pdf.tsv": [
    0.33962264150943394,
    0.43902439024390244
  ],
  "1d15eeda-336c-3600-b118-fee06518a169.pdf.tsv": [
    0.2727272727272727,
    0.5454545454545454
  ],
  "0018e62b-61c4-3159-8096-0d8ebafed594.pdf.tsv": [
    0.3157894736842105,
    0.2727272727272727
  ]
}